uid,username,full_name,home_lat,home_long,home_site_id,office_lat,office_long,office_site_id
12345,jdlrm,Juni Rodriguez,59.315728,18.038465,9295,59.314429,18.075144,9191
12346,dffds,Santi Mata,59.309928,18.778465,9291,59.314429,18.075144,9191
12347,jeuuf,Michael Jordas,59.311128,18.338465,9293,59.314429,18.075144,9191
12348,ascer,Trinity Arias,59.315728,18.528465,9292,59.314429,18.075144,9191
12349,jaald,Almeida Terran,59.341228,18.148465,9296,59.224429,18.075144,9191
